{
  "model_name": "distilbert-base-uncased",
  "smoke": true,
  "n_train": 34,
  "metrics": {
    "train_runtime": 7.6569,
    "train_samples_per_second": 10.448,
    "train_steps_per_second": 2.612,
    "total_flos": 3826021920204.0,
    "train_loss": 1.3565486669540405,
    "epoch": 2.2222222222222223,
    "eval_loss": 0.6701450347900391,
    "eval_token_macro_f1": 0.056552768166089964
  }
}
