{
  "model_name": "distilbert-base-uncased",
  "smoke": true,
  "n_train": 34,
  "n_val": 7,
  "max_steps": 30,
  "metrics": {
    "train_runtime": 11.8939,
    "train_samples_per_second": 10.089,
    "train_steps_per_second": 2.522,
    "total_flos": 5883527351136.0,
    "train_loss": 1.8370947202046712,
    "epoch": 3.3333333333333335,
    "eval_loss": 1.6752166748046875,
    "eval_accuracy": 0.42857142857142855,
    "eval_macro_f1": 0.24000000000000005
  }
}
